Name,Date,"Description ",Place,Status
Digital Allies - Integrations,,,,
Blog Posts,,,,
Digital Allies - Content,,"Content management, blog workflow, and multilingual implementation",,
Digital Allies - Design,,"Design system, branding, and UI/UX guidelines",,
Digital Allies - Technical,,"Technical documentation, architecture, and development knowledge",,
Digital Allies - Services,,Information about Digital Allies service offerings and business solutions,,
Keyword: Analytics,,"GA4, GTM, events, KPIs, conversion tracking",,
Keyword: Development,,"Frontend code, build tooling, deployment, and performance",,
Keyword: Multilingual,,"Language toggle, localization, and content strategy (EN/ES)",,
Keyword: Design,,"Brand system, typography, color, and UI/UX principles",,
Keyword: Accessibility,,"Standards, testing, and best practices for WCAG 2.1 AA compliance",,
Keyword: Performance,,"Load speed, Core Web Vitals, asset optimization",,
Keyword: SEO,,"Search optimization, metadata, sitemaps, and schema",,
Keyword: Services,,"Offerings, packaging, pricing, and client-facing info",,
Keyword: CMS,,"Content modeling, workflows, scripts, and governance",,
Content Type: Client-Facing,,Externally consumable content for prospects and clients,,
Content Type: Business Info,,"Company details, policies, benefits, and positioning",,
Content Type: Internal,,"Internal-only references, ops notes, and runbooks",,
Content Type: Code Examples,,"Runnable snippets, patterns, and reference implementations",,
Content Type: Technical Docs,,"How-to guides, architecture, and implementation details",,
Content Type: Process/Workflow,,"Step-by-step procedures, RACI, SLAs",,